Game Name,Platform,Region,Game,Manual/Inserts,Artwork/Box,Extras,Notes
Professor Layton and the Miracle Mask,3DS,PAL-AU,A+,A-,A+,,
Pokemon Rumble World,3DS,PAL-AU,A+,N/A,A+,,
Pokemon Omega Ruby Version,3DS,PAL-AU,A+,N/A,A+,,
Pokemon Alpha Sapphire Version,3DS,PAL-AU,A+,N/A,A+,,
Pokemon Y Version,3DS,PAL-AU,A+,A+,A+,,
Pokemon Y Version,3DS,NTSC-UC,A,M,M,,
Pokemon X Version,3DS,PAL-AU,A+,A+,A+,,
Paper Mario Sticker Star,3DS,PAL-AU,A+,M,A-,,
New Super Mario Bros. 2,3DS,PAL-AU,A+,A,A+,,
New Yoshi's Island,3DS,PAL-AU,A+,N/A,A+,,
WarioWare Gold,3DS,PAL-EU,A+,N/A,A+,,"Cartridge is PAL-EU, Box is PAL-AU"
Super Pokemon Rumble,3DS,PAL-AU,A+,N/A,C,,
Super Smash Bros. For Nintendo 3DS,3DS,PAL-AU,A+,A+,A+,,
Super Mario 3D Land,3DS,PAL-AU,A+,A+,A+,,Nintendo Selects Version
Puzzle & Dragons Super Mario Bros. Edition,3DS,PAL-EU,A+,N/A,A+,,
Kirby battle Royale,3DS,PAL-AU,A+,N/A,A+,,
Mario Tennis Open,3DS,PAL-AU,A+,A+,A+,,
Mario Party Star Rush,3DS,PAL-AU,A+,N/A,A+,,
Mario Kart 7,3DS,PAL-AU,A+,A+,A+,,
Mario and Sonic at the London 2012 Olympic Games,3DS,NTSC-UC,A+,A+,B,,
Mario & Luigi Dream Team,3DS,NTSC-UC,A+,A+,A+,,
Luigi's Mansion 2,3DS,PAL-AU,A+,N/A,A+,,Nintendo Selects Version
Luigi's Mansion,3DS,PAL-EU,A+,N/A,A+,,"Cartridge is PAL-EU, Box is PAL-AU"
The Legend of Zelda Triforce Heroes,3DS,PAL-AU,A+,N/A,A+,,
The Legend of Zelda A Link Between Worlds,3DS,PAL-AU,A+,N/A,A+,,
The Legend of Zelda Majora's Mask 3D,3DS,PAL-AU,A+,N/A,A+,,
The Legend of Zelda Ocarina of Time 3D,3DS,PAL-AU,A+,B,A+,,
Kirby Triple Deluxe,3DS,PAL-AU,A+,N/A,A+,,
Hyrule Warriors Legends,3DS,PAL-AU,A+,A,A+,Includes DLC Download code for Wii U version (unused),Not for resale Version
Donkey Kong Country Returns 3D,3DS,PAL-EU,A+,N/A,A+,,
Detective Pikachu,3DS,PAL-EU,A+,N/A,A+,,"Cartridge is PAL-EU, Box is PAL-AU"
Bravely Second: End Layer,3DS,PAL-AU,A+,N/A,A+,,
Yoshi's Island DS,DS,PAL-AU,A+,A+,A+,,
New Super Mario Bros.,DS,PAL-AU,A+,B,A+,,"Manual edges rolling, Manual has a few creases"
Super Mario 64 DS,DS,PAL-AU,A+,A+,A+,,
Sonic Rush,DS,PAL-EU,A+,A,A+,,"Case needs replacing, artwork is fine"
Professor Layton and the Last Specter,DS,PAL-AU,A+,A+,A+,,
Pokemon White Version 2,DS,PAL-AU,A+,A+,A+,,
Pokemon Black Version 2,DS,PAL-AU,A+,A+,A+,"Has ""DS Wi-Fi Connection Shutdown Notice"" sticker on front",
Pokemon Black Version,DS,PAL-AU,A+,A+,A+,,
Pokemon White Version,DS,NTSC-UC,A+,A+,A+,,"Cartridge is NTSC-UC, Box is PAL-AU"
Pokemon Heart Gold Version,DS,PAL-AU,A+,A+,A+,,"Cartridge is PAL-AU, Box is NTSC-UC"
Pokemon Soul Silver Version,DS,PAL-AU,A+,A,A,Pokewalker (out of box) inclded,Not for individual sale Version
Pokemon Platinum Version,DS,PAL-AU,A+,A,A,,"Artwork paint has been slightly stripped back, manual has edges rolling"
Pokemon Pearl Version,DS,PAL-AU,A+,A+,A+,,
Pokemon Pearl Version,DS,PAL-AU,A+,M,M,,
Pokemon Diamond Version,DS,PAL-AU,A+,A+,A+,,
More Brain Training,DS,PAL-AU,A+,A+,A+,,
Final Fantasy The 4 Heroes of Light,DS,NTSC-UC,A+,A+,A+,,
Garfield Gets Real,DS,PAL-EU,A+,A+,A+,,"Cartridge is PAL-EU, Box is PAL-AU, Game Cartridge region is labelled EUR-1"" for some reason"""
Harvest Moon DS,DS,PAL-EU,A+,A-,A+,,"Cartridge is PAL-EU, Box is PAL-AU"
House M.D.,DS,PAL-EU,A+,A+,A+,,
The Legend of Zelda Phantom Hourglass,DS,PAL-AU,A+,M,A+,,
The Legend of Zelda Spirit Tracks,DS,PAL-EU,A+,A+,A-,,"Cartridge is PAL-EU, Box is PAL-AU"
Shin Lucky Star Moe Drill: Tabidachi ,DS,NTSC-J,A+,A+,A+,,
Okami Den,DS,NTSC-UC,S,S,S,,
Mario & Luigi Bowser's Inside Story,DS,PAL-AU,A+,A+,A+,,
Mario & Luigi Partners in Time,DS,PAL-AU,A+,A+,A+,,
Mario Kart DS,DS,PAL-AU,A+,A+,A+,,
Mario Party DS,DS,PAL-AU,A+,A+,A+,,
Metroid Prime Hunters,DS,PAL-AU,A+,B+,A+,,Manual has some creases
Mario vs Donkey Kong 2 March of the Minis,DS,NTSC-UC,K,K,K,,"I have a feeling this is fake, but have no reference to compare to."
Golden Sun Dark Dawn,DS,PAL-AU,A+,A+,A+,,
ATV Quad Frenzy,DS,PAL-EU,A+,A+,A+,,"Cartridge is PAL-EU, Box is PAL-AU"
Touch 'n' Play,DS,PAL-EU,A+,A+,A+,,"Cartridge is PAL-EU, Box is PAL-AU"
Pokemon Moon Version,3DS,PAL-AU,A+,A+,A+,Limited Edition w\ Steelbook & Pin,
Pokemon Sun Version,3DS,PAL-AU,A+,A+,A+,Limited Edition w\ Steelbook & Pin,
Pokemon Ultra Moon Version,3DS,PAL-AU,A+,A+,A+,Limited Edition w\ Steelbook & Pin,
Pokemon Ultra Sun Version,3DS,PAL-AU,A+,A+,A+,Limited Edition w\ Steelbook & Pin,
Ni no Kuni: Hotroit Stories,DS,NTSC-J,S,S,A-,Includes Big Box and Game Book,
A Hat in Time,Switch,PAL-EU,A+,N/A,A+,"Includes ""Seal the Deal"" DLC Code (used)","Cartridge is PAL-EU, Box is PAL-AU"
AI: The Somnium Files,Switch,PAL-EU,A+,N/A,A+,Includes art stickers,"Cartridge is PAL-EU, Box is PAL-AU"
The Alliance Alive HD Remastered,Switch,PAL-EU,A+,N/A,A+,Includes cardboard characters,"Cartridge is PAL-EU, Box is PAL-AU"
Arms,Switch,PAL-AU,A+,N/A,A+,,
Assassin's Creed III Remastered,Switch,PAL-EU,A+,N/A,A+,,"Cartridge is PAL-EU, Box is PAL-AU"
Astral Chain,Switch,PAL-EU,A+,N/A,A+,,"Cartridge is PAL-EU, Box is PAL-AU"
Batman The Telltale Series,Switch,PAL-EU,A+,N/A,A+,,"Cartridge is PAL-EU, Box is PAL-AU"
Bayonetta 2,Switch,PAL-EU,A+,N/A,A+,,"Cartridge is PAL-EU, Box is PAL-AU"
Blade Strangers,Switch,NTSC-UC,A+,A+,A+,,"Cartridge is PAL-EU, Box is PAL-AU"
Candle,Switch,PAL-EU,A+,N/A,A+,,"Cartridge is PAL-EU, Box is PAL-AU"
Captain Toad Treasure Tracker,Switch,PAL-EU,A+,N/A,A+,,"Cartridge is PAL-EU, Box is PAL-AU"
Collection of Mana,Switch,PAL-EU,A+,N/A,A+,,"Cartridge is PAL-EU, Box is PAL-AU"
Crash Bandicoot N-Sane Trilogy,Switch,PAL-EU,A+,N/A,A+,,"Cartridge is PAL-EU, Box is PAL-AU"
Crash Team Racing Nitro-Fueled,Switch,PAL-EU,A+,N/A,A+,Includes DLC Download code (unchecked),"Cartridge is PAL-EU, Box is PAL-AU"
Dark Souls Remastered,Switch,PAL-AU,A+,N/A,A+,,
de Blob 2,Switch,PAL-EU,A+,N/A,A+,,
DOOM,Switch,PAL-EU,A+,N/A,A+,,"Cartridge is PAL-EU, Box is PAL-AU"
Donkey Kong Country Tropical Freeze,Switch,PAL-EU,A+,N/A,A+,,"Cartridge is PAL-EU, Box is PAL-AU"
The Elder Scrolls V: Skyrim,Switch,PAL-EU,A+,N/A,A+,,"Cartridge is PAL-EU, Box is PAL-AU"
Final Fantasy XII The Zodiac Age,Switch,NTSC-UC,A+,N/A,A+,,
Fire Emblem Three Houses,Switch,PAL-EU,A+,N/A,A+,,"Cartridge is PAL-EU, Box is PAL-AU"
Fire Emblem Warriors,Switch,PAL-EU,A+,N/A,A+,,"Cartridge is PAL-EU, Box is PAL-AU"
Gal*Gun 2,Switch,PAL-EU,A+,N/A,A+,,
Has Been Heroes,Switch,PAL-EU,A+,N/A,A+,,"Cartridge is PAL-EU, Box is PAL-AU"
Hollow Knight,Switch,NTSC-UC,A+,A+,A+,Includes fangamer art cards and more,
Hyrule Warriors Definitive Edition,Switch,PAL-EU,A+,N/A,A+,,"Cartridge is PAL-EU, Box is PAL-AU"
Katamari Damacy Rerolled,Switch,NTSC-J,A+,N/A,A+,,
Kirby Star Allies,Switch,PAL-EU,A+,N/A,A+,,"Cartridge is PAL-EU, Box is PAL-AU"
L.A. Noire,Switch,NTSC-UC,A+,N/A,A+,,Case has OLFC Stickers
Layton's Mystery Journey: Katrielle and the Millionaires' Conspiracy Deluxe Edition,Switch,PAL-EU,A+,N/A,A+,,"Cartridge is PAL-EU, Box is PAL-AU"
The Legend of Zelda Breath of the Wild,Switch,PAL-AU,A+,A+,A+,,
The Legend of Zelda Link's Awakening,Switch,PAL-EU,A+,N/A,A+,,"Cartridge is PAL-EU, Box is PAL-AU"
A Good Librarian Like a Good Shepard - Library Party,Switch,NTSC-J,A+,N/A,A+,,
Little Dragons Cafe,Switch,PAL-EU,A+,N/A,A+,,"Cartridge is PAL-EU, Box is PAL-AU"
Luigi's Mansion 3,Switch,PAL-EU,A+,N/A,A+,,"Cartridge is PAL-EU, Box is PAL-AU"
Mario + Rabbids Kingdom Battle,Switch,PAL-EU,A+,A+,A+,,"Cartridge is PAL-EU, Box is PAL-AU"
Mario Kart 8 Deluxe,Switch,NTSC-J,A+,N/A,A+,,
Mario Tennis Aces,Switch,PAL-EU,A+,N/A,A+,,
Minecraft,Switch,PAL-EU,A+,N/A,A+,,"Cartridge is PAL-EU, Box is PAL-AU"
Monopoly for Nintendo Switch,Switch,PAL-EU,A+,N/A,A+,,"Cartridge is PAL-EU, Box is PAL-AU"
Monster Hunter Generations Ultimate,Switch,PAL-EU,A+,N/A,A+,,"Cartridge is PAL-EU, Box is PAL-AU"
Ni no Kuni: Wrath of the White Witch,Switch,PAL-EU,A+,N/A,A+,,"Cartridge is PAL-EU, Box is PAL-AU"
Octopath Traveler,Switch,PAL-EU,A+,N/A,A+,,"Cartridge is PAL-EU, Box is PAL-AU"
Okami HD,Switch,NTSC-J,A+,A+,A+,,
Oninaki,Switch,PAL-EU,A+,N/A,A+,,
Owlboy,Switch,PAL-EU,A+,N/A,A+,,"Cartridge is PAL-EU, Box is PAL-AU"
Pokemon Let's Go Pikachu,Switch,PAL-EU,A+,N/A,A+,,"Cartridge is PAL-EU, Box is PAL-AU"
Pokemon Let's Go Eevee,Switch,PAL-EU,A+,N/A,A+,Includes Pokeball Plus,"Cartridge is PAL-EU, Box is PAL-AU"
Pokemon Mystery Dungeon Rescue Team DX,Switch,PAL-EU,A+,N/A,A+,,"Cartridge is PAL-EU, Box is PAL-AU"
Pokken Tournament DX,Switch,PAL-AU,A+,N/A,A+,,
Raspberry Cube,Switch,NTSC-J,A+,N/A,A+,,
Risk of Rain 1+2,Switch,PAL-EU,A+,N/A,A+,,"Cartridge is PAL-EU, Box is PAL-AU"
Pokemon Sword Version,Switch,PAL-EU,A+,N/A,A+,Pokemon Sword/Shield Dual Pack and Steelcase,"Cartridge is PAL-EU, Box is PAL-AU"
Pokemon Shield Version,Switch,PAL-EU,A+,N/A,A+,Pokemon Sword/Shield Dual Pack and Steelcase,"Cartridge is PAL-EU, Box is PAL-AU"
Riot: Civil Unrest,Switch,PAL-EU,A+,N/A,A+,,"Cartridge is PAL-EU, Box is PAL-AU"
RollerCoast Tycoon Adventures,Switch,PAL-EU,A+,N/A,A+,,
Poi Explorer,Switch,PAL-EU,A+,N/A,A-,,"Cartridge is PAL-EU, Box is PAL-AU. Case has cracked"
Senran Kagura Peach Ball,Switch,NTSC-UC,A+,A+,A+,Includes art card,
Shovel Knight Treasure Trove,Switch,PAL-EU,A+,N/A,A+,,"Cartridge is PAL-EU, Box is PAL-AU"
Sonic Forces,Switch,PAL-EU,A+,N/A,A+,Includes DLC Download code (used),"Cartridge is PAL-EU, Box is PAL-AU"
Sonic Mania Plus,Switch,PAL-EU,A+,N/A,A+,,"Cartridge is PAL-EU, Box is PAL-AU"
SNK 40th Anniversary Collection,Switch,PAL-EU,A+,N/A,A+,,"Cartridge is PAL-EU, Box is PAL-AU"
SNK Heroines Tag Team Frenzy,Switch,PAL-EU,A+,N/A,A+,,"Cartridge is PAL-EU, Box is PAL-AU"
Splatoon 2,Switch,PAL-AU,A+,N/A,A+,,
Spyro Reignited Trilogy,Switch,PAL-EU,A+,N/A,A+,,"Cartridge is PAL-EU, Box is PAL-AU"
Starlink Battle for Atlas,Switch,PAL-EU,A+,A+,A+,"Includes Joycon/Starship Grip, I have a few different weapons and characters","Cartridge is PAL-EU, Box is PAL-AU"
New Super Mario Bros. U Deluxe,Switch,PAL-EU,A+,N/A,A+,,"Cartridge is PAL-EU, Box is PAL-AU"
Super Mario Maker 2,Switch,PAL-EU,A+,N/A,A+,,
Super Mario Odyssey,Switch,NTSC-UC,A+,N/A,A+,,
Super Mario Party,Switch,PAL-EU,A+,N/A,A+,,"Cartridge is PAL-EU, Box is PAL-AU"
Super Neptunia RPG,Switch,PAL-EU,A+,N/A,A+,,
Super Smash Bros. Ultimate,Switch,PAL-EU,A+,N/A,A+,,"Cartridge is PAL-EU, Box is PAL-AU"
Sushi Striker The Way of the Sushido,Switch,PAL-EU,A+,N/A,A+,,"Cartridge is PAL-EU, Box is PAL-AU"
Syberia Trilogy,Switch,PAL-EU,A+,N/A,B+,,Artwork has an OLFC Sticker on it
Taiko no Tatsujin Drum 'n' Fun!,Switch,PAL-EU,A+,N/A,A+,,"Cartridge is PAL-EU, Box is PAL-AU"
Travis Strikes Again No More Heroes,Switch,PAL-EU,A+,N/A,A+,,"Cartridge is PAL-EU, Box is PAL-AU"
Urban Trial Playground,Switch,PAL-EU,A+,N/A,A+,,"Cartridge is PAL-EU, Box is PAL-AU"
VA-11 Hall-A,Switch,NTSC-J,M,N/A,A+,,
Ghostbusters,Switch,NTSC-UC,A+,N/A,M,,
The Witcher 3: Wild Hunt Complete Edition,Switch,PAL-EU,A+,N/A,A+,,"Cartridge is PAL-EU, Box is PAL-AU"
Wolfenstein II,Switch,PAL-EU,A+,N/A,A+,,"Cartridge is PAL-EU, Box is PAL-AU"
Xenoblade Chronicles: Definitive Edition,Switch,PAL-EU,A+,N/A,A+,,"Cartridge is PAL-EU, Box is PAL-AU"
Xenoblade Chronicles 2,Switch,PAL-EU,A+,N/A,A+,,"Cartridge is PAL-EU, Box is PAL-AU"
Yoku's Island Express,Switch,PAL-EU,A+,N/A,A+,,"Cartridge is PAL-EU, Box is PAL-AU"
Yoshi's Crafted World,Switch,PAL-EU,A+,N/A,A+,,"Cartridge is PAL-EU, Box is PAL-AU"
Stardew Valley,Switch,NTSC-J,A+,A+,A+,Includes Soundtrack and Artbook,"Cartridge is PAL-EU, Box is PAL-AU"
Gurumin,PC,NTSC-J,A+,A+,A+,Soundtrack and books,Too much to detail
Gurumin,PC,NTSC-J,A+,A+,A+,"Soundtrack and books, vista version",Too much to detail
Undertale,Vita,NTSC-UC,A+,A+,A+,Includes golden locket,
Tachyon Project,Vita,NTSC-A,A+,A+,A+,eastasiasoft Release,
Sky Force Anniversary,Vita,NTSC-UC,S,S,S,LRG Release,
Cursed Castilla,Vita,NTSC-A,S,S,S,eastasiasoft Release,
Yomawari Midnight Shadows,Vita,NTSC-UC,A+,N/A,A+,,
One More Dungeon,Vita,NTSC-A,S,S,S,eastasiasoft Release,
Persona 4 Dancing All Night,Vita,NTSC-UC,S,S,S,,
Ragnarok Odyssey Ace,Vita,NTSC-UC,S,S,S,,
Sir Eats Alot,Vita,NTSC-A,S,S,S,eastasiasoft Release,
SteamWorld Heist,Vita,NTSC-UC,S,S,S,LRG Release,
SteamWorld Dig,Vita,NTSC-UC,S,S,S,LRG Release,
Oceanhorn Monster of Uncharted Seas,Vita,N/A,S,S,S,LRG Release,
Mutant Mudds Super Challenge,Vita,N/A,S,S,S,LRG Release,
Dragon Fantasy The Black Tome of Ice Special Edition,Vita,N/A,S,S,S,LRG Release,
Croixleur Omega,Vita,NTSC-UC,S,S,S,LRG Release,
Siralim,Vita,NTSC-UC,S,S,S,LRG Release,
Asdivine Hearts,Vita,N/A,S,S,S,LRG Release,
Factorium 90,Vita,NTSC-UC,S,S,S,LRG Release,
Musynx,Vita,NTSC-UC,S,S,S,LRG Release,Chibi Neko Maid Version
Stealth Inc. A Clone in the Dark Ultimate Edition,Vita,N/A,S,S,S,LRG Release,
thomas was alone,Vita,N/A,S,S,S,LRG Release,
Mystery Chronicle One Way heroics,Vita,N/A,S,S,S,LRG Release,
Race the Sun,Vita,NTSC-UC,S,S,S,LRG Release,
Volume,Vita,N/A,S,S,S,LRG Release,
Octodad Dadliest Catch,Vita,N/A,S,S,S,LRG Release,
Broken Age,Vita,N/A,S,S,S,LRG Release,
VA-11 Hall-A,Vita,NTSC-UC,S,S,S,LRG Release,Chibi Art Version
Deemo The Last Recital,Vita,NTSC-UC,S,S,S,LRG Release,
Bard's Gold,Vita,N/A,S,S,S,LRG Release,
Oddworlds Stranger's Wrath HD,Vita,N/A,S,S,S,LRG Release,Goat Art Version
Retro City Rampage DX,Vita,N/A,S,S,S,VBLANK Entertainment Release,Initial release
Home,Vita,NTSC-UC,S,S,S,LRG Release,
Rainbow Moon,Vita,N/A,S,S,S,LRG Release,
Claire Extended Cut,Vita,NTSC-UC,S,S,S,LRG Release,
Oddworld Munch's Oddysee HD,Vita,NTSC-UC,S,S,S,LRG Release,Underwater Art Version
Xeodrifter,Vita,N/A,S,S,S,LRG Release,Seal is slightly damaged on bottom of case
Shovel Knight,Vita,NTSC-UC,S,S,S,Yacht Club Games Release,
Saturday Morning RPG,Vita,N/A,S,S,S,LRG Release,
Skull Girls 2nd Encore,Vita,N/A,S,S,S,"LRG Release, with Music CD and Artbook",
Senran Kagura Bon Appetit! Full Course,Vita,NTSC-UC,S,S,S,LRG Release,
Dariusburst CS Chronical Saviours,Vita,N/A,S,S,S,LRG Release,
Super Hydorah,Vita,NTSC-UC,S,S,S,LRG Release,
Soldner X2 Final Prototype,Vita,NTSC-A,S,S,S,eastasiasoft Release,
Risk of Rain,Vita,N/A,S,S,S,LRG Release,
Reality Fighters,Vita,PAL-EU,A+,N/A,M,,
Borderlands 2,Vita,PAL-EU,A+,N/A,M,,
FIFA 13,Vita,PAL-EU,A+,N/A,M,,
Spy Hunter,Vita,PAL-EU,A+,N/A,M,,
LEGO Star Wars The Force Awakens,Vita,PAL-EU,A+,N/A,A+,,"Cartridge is PAL-EU, Box is PAL-AU"
One Piece Burning Blood,Vita,PAL-EU,A+,N/A,A+,,Case has OLFC Stickers
Ridge Racer,Vita,PAL-EU,A+,N/A,A+,,Case has OLFC Stickers
Call of Duty Black Ops Declassified,Vita,PAL-EU,A+,N/A,A+,,
Persona 4 Dancing All Night,Vita,PAL-EU,A+,N/A,A+,,"Cartridge is PAL-EU, Box is PAL-AU"
Dungeon Hunter: Alliance,Vita,PAL-EU,A+,N/A,A+,,"Cartridge is PAL-EU, Box is PAL-AU"
Assassin's Creed Chronicles,Vita,PAL-EU,A+,A+,A+,,Case has OLFC Stickers
Child of Light,Vita,PAL-EU,A+,A+,A+,"Complete Edition, includes DLC Code (unused)","Cartridge is PAL-EU, Box is PAL-AU"
LEGO The Lord of the Rings,Vita,PAL-EU,A+,N/A,A+,,"Cartridge is PAL-EU, Box is PAL-AU"
Hatsune Miku Project Diva F2nd,Vita,NTSC-UC,A+,A+,A+,,
Shantae 1/2 Genie Hero,Vita,NTSC-UC,A+,N/A,A+,OST Soundtrack,
Odin Sphere Leifthrasir,Vita,PAL-EU,A+,N/A,A+,,"Cartridge is PAL-EU, Box is PAL-AU"
Virtua Tennis 4 World Tour Edition,Vita,PAL-EU,A+,A+,A+,,"Cartridge is PAL-EU, Box is PAL-AU"
Reality Fighters,Vita,PAL-EU,A+,N/A,A+,,
FIFA 13,Vita,PAL-EU,A+,N/A,A+,,
Little Deviants,Vita,PAL-EU,A+,N/A,A+,,
Hyperdimension Neptunia Re;Birth3: V Generation,Vita,PAL-EU,A+,N/A,A+,,
Touch My Katamari,Vita,NTSC-UC,A+,N/A,A+,,
Hyperdimension Neptunia Re;Birth2: Sisters Generation,Vita,PAL-EU,A+,N/A,A+,,
Dynasty Warriors Next,Vita,PAL-EU,A+,N/A,A+,,"Cartridge is PAL-EU, Box is PAL-AU"
Superdimension Neptuna vs SEGA Hard Girls,Vita,PAL-EU,A+,N/A,A+,,
Virtue's Last Reward,Vita,NTSC-UC,A+,N/A,A+,,
Modnation Racers Road Trip,Vita,NTSC-UC,A+,N/A,A+,,Case has OLFC Stickers
Hot Shots Golf World Invitational,Vita,NTSC-UC,A+,N/A,A+,Includes Season Pass,
Batman Arkham Origins Blackgate,Vita,PAL-EU,A+,N/A,A+,,"Cartridge is PAL-EU, Box is PAL-AU"
Tales of Hearts R,Vita,PAL-EU,A+,N/A,A+,Includes DLC Download code (unchecked),"Cartridge is PAL-EU, Box is PAL-AU"
Sorcery Saga Curse of the Great Curry God,Vita,PAL-EU,A+,N/A,A+,,"Cartridge is PAL-EU, Box is PAL-AU"
LittleBigPlanet PS VITA,Vita,PAL-EU,A+,N/A,A+,,Case has OLFC Stickers
Invizimals The Alliance,Vita,PAL-EU,A+,N/A,A+,,"Cartridge is PAL-EU, Box is PAL-AU"
√Letter,Vita,PAL-EU,A+,N/A,A+,,
Occultic;Nine,Vita,NTSC-J,A+,A+,A+,Includes Box and Art Book,
Spelunky,Vita,N/A,S,S,S,Collector's Edition LRG Release,
Hyperdimension Neptunia Producing Perfection,Vita,NTSC-J,A+,A+,A+,,
Sly Cooper Thieves in Time,Vita,PAL-EU,A+,N/A,A+,,"Cartridge is PAL-EU, Box is PAL-AU"
Sword Art Online Hollow Realization,Vita,PAL-EU,A+,N/A,A+,,"Cartridge is PAL-EU, Box is PAL-AU"
Tokyo Twilight Ghosthunters,Vita,NTSC-J,A+,N/A,A+,,
Himouto Umaru Chan,Vita,NTSC-J,A+,A+,A+,,
Genkai Tokki: Seven Pirates,Vita,NTSC-J,A+,N/A,A+,Includes OST,
Project 575,Vita,NTSC-J,A+,A+,A+,,
Bullet Girls,Vita,NTSC-J,A+,A+,A+,,
Clannad,Vita,NTSC-J,A+,A+,A+,,
Final Fantasy X-2 HD Remaster,Vita,NTSC-A,A+,N/A,A+,,
LEGO The Hobbit,Vita,PAL-EU,A+,N/A,A+,,"Cartridge is PAL-EU, Box is PAL-AU"
Aegis of Earth Protonovus Assault,Vita,PAL-EU,A+,N/A,A+,,"Cartridge is PAL-EU, Box is PAL-AU"
Mortal Kombat,Vita,PAL-EU,A+,N/A,A+,,
Final Fantasy X/X-2 HD Remaster,Vita,PAL-EU,A+,A+,A+,Includes X-2 Download Code (Unused),"Cartridge is PAL-EU, Box is PAL-AU"
The Sly Trilogy,Vita,PAL-EU,A+,N/A,A+,,"Cartridge is PAL-EU, Box is PAL-AU"
Ciel Nosurge,Vita,NTSC-J,S,S,S,,
Samurai & Dragons,Vita,NTSC-J,A+,N/A,A+,,
Tearaway,Vita,PAL-EU,A+,A+,A+,,"Cartridge is PAL-EU, Box is PAL-AU"
Playstation All-Stars Battle Royale,Vita,PAL-EU,A+,N/A,A+,Includes Season Pass,"Cartridge is PAL-EU, Box is PAL-AU"
Valkyrie Drive -BHIKKHUNI-,Vita,NTSC-UC,A+,N/A,A+,,
Metal Gear Solid HD Collection,Vita,NTSC-UC,A+,N/A,A+,,Case has OLFC Stickers
Stranger of Sword City,Vita,PAL-EU,A+,N/A,A+,,"Cartridge is PAL-EU, Box is PAL-AU"
Gravity Rush,Vita,PAL-EU,A+,N/A,A+,,"Cartridge is PAL-EU, Box is PAL-AU"
Persona 4 Golden,Vita,PAL-EU,A+,N/A,A+,,"Cartridge is PAL-EU, Box is PAL-AU"
MegaTagmension Neptune + Blanc VS Zombies,Vita,NTSC-J,S,S,S,,
Hyperdimension Neptunia U: Action Unleased,Vita,PAL-EU,A+,N/A,A+,,
Assassin's Creed III Liberation,Vita,PAL-EU,A+,A+,A+,,"Cartridge is PAL-EU, Box is PAL-AU"
Dynasty Warriors 8: Xtreme Legends Complete Edition,Vita,PAL-EU,A+,N/A,A+,,"Cartridge is PAL-EU, Box is PAL-AU"
Operation Babel New Tokyo Legacy,Vita,PAL-EU,A+,N/A,A+,,"Cartridge is PAL-EU, Box is PAL-AU"
Sonic All Stars Racing Transformer,Vita,PAL-EU,A+,A+,A+,,"Cartridge is PAL-EU, Box is PAL-AU"
Danganronpa v3 Killing Harmony,Vita,NTSC-UC,A+,N/A,A+,,
Hyperdimension Neptunia Re;Birth2: Sisters Generation,Vita,NTSC-J,A+,A+,A+,,
Supremacy MMA Unrestricted,Vita,NTSC-UC,A+,N/A,A+,,
Ratchet & Clank Trilogy,Vita,PAL-EU,A+,N/A,A+,,"Cartridge is PAL-EU, Box is PAL-AU"
Wipeout 2048,Vita,PAL-EU,A+,N/A,A+,Includes Season Pass,"Cartridge is PAL-EU, Box is PAL-AU"
World of Final Fantasy,Vita,NTSC-UC,A+,N/A,A+,Includes Day One Edition DLC,
Operation Abyss New Tokyo Legacy,Vita,PAL-EU,A+,N/A,A+,,"Cartridge is PAL-EU, Box is PAL-AU"
Hyperdimension Neptunia Re;Birth1,Vita,NTSC-J,A+,N/A,A+,,
Windjammers,Vita,NTSC-UC,S,S,S,LRG Release,
Earth Defense Force 2 Invaders from Planet Space,Vita,PAL-EU,A+,N/A,A+,,"Cartridge is PAL-EU, Box is PAL-AU"
LEGO Jurassic World,Vita,PAL-EU,A+,N/A,A+,,"Cartridge is PAL-EU, Box is PAL-AU"
AKIBA'S TRIP: Undead & Undressed,Vita,NTSC-UC,A+,N/A,A+,,
Croixleur Omega,Vita,NTSC-UC,A+,N/A,A+,LRG Release,
Siralim,Vita,NTSC-UC,A+,N/A,A+,LRG Release,
MLB 12 The Show,Vita,NTSC-UC,A+,N/A,A+,Includes Season Pass,
The Muppets Movie Adventures,Vita,PAL-EU,A+,N/A,A+,,"Cartridge is PAL-EU, Box is PAL-AU"
FIFA Football,Vita,PAL-EU,A+,A+,A+,,
God Eater 2,Vita,NTSC-J,A+,A+,A+,,
Killzone Mercenary,Vita,PAL-EU,A+,N/A,A+,,"Cartridge is PAL-EU, Box is PAL-AU"
Dengeki Bunko Fighting ClimaX,Vita,NTSC-UC,A+,A+,A+,,
Hatsune Miku Project Diva X,Vita,NTSC-UC,A+,N/A,A+,Includes Vita Console Sock Pouch (sealed),Case has OLFC Stickers
Terraria,Vita,NTSC-UC,A+,N/A,A+,,
LEGO The LEGO Movie Video Game,Vita,PAL-EU,A+,N/A,A+,,"Cartridge is PAL-EU, Box is PAL-AU"
Tadeo Jones,Vita,PAL-EU,A+,N/A,B+,,
semispheres,Vita,NTSC-A,S,S,S,eastasiasoft Release,
Borderlands 2,Vita,PAL-EU,A+,N/A,A+,Includes DLC Download code (unchecked),"Cartridge is PAL-EU, Box is PAL-AU"
Secret of Mana 2,Vita,NTSC-J,A+,A+,A+,,
Kono Subarashii Sekai Ni Syukufuku Woi,Vita,NTSC-J,A+,N/A,A+,Includes DLC Download code (unused),
Super Heroine Chronicle,Vita,NTSC-J,A+,A+,A+,,
MLB 15 The Show,Vita,NTSC-A,A+,N/A,A+,,
MegaTagmension Neptune + Blanc VS Zombies,Vita,PAL-EU,A+,N/A,A+,,
Senran Kagura Shinovi Versus,Vita,NTSC-UC,A+,N/A,A+,,
YS VIII Lacrimosa of Dana,Vita,PAL-EU,A+,N/A,A+,,"Cartridge is PAL-EU, Box is PAL-AU"
ONE PIECE Unlimited World Red,Vita,PAL-EU,A+,N/A,A+,,"Cartridge is PAL-EU, Box is PAL-AU"
LEGO Batman 2 DC Super Heroes,Vita,PAL-EU,A+,A+,A+,,
PlayStation Vita Peta,Vita,PAL-EU,A+,N/A,A+,,"Cartridge is PAL-EU, Box is PAL-AU"
Everybody's Golf,Vita,PAL-EU,A+,N/A,A+,,"Cartridge is PAL-EU, Box is PAL-AU"
Rayman Origins,Vita,NTSC-A,A+,N/A,A+,,Case has OLFC Stickers
LEGO Batman 3 Beyond Gotham,Vita,PAL-EU,A+,N/A,A+,,"Cartridge is PAL-EU, Box is PAL-AU"
Gal*Gun Double Peace,Vita,PAL-EU,A+,N/A,A+,,Case has OLFC Stickers
Hyperdimension Neptunia Re;Birth1,Vita,NTSC-UC,A+,N/A,A+,,
Soul Sacrifice,Vita,NTSC-UC,A+,N/A,A+,,
Airship Q,Vita,NTSC-J,A+,A+,A+,,
Hotline Miami Collected Edition,Vita,NTSC-J,A+,A+,A+,Includes Hotline Miami 2 Download Code (NTSC-J only),
Photo Kano Kiss,Vita,NTSC-J,A+,A+,A+,,
New Game! The Challenge Stage,Vita,NTSC-J,A+,A+,A+,Includes DLC Download code (unchecked),
Minecraft: PlayStation Vita Edition,Vita,PAL-EU,A+,N/A,A+,,"Cartridge is PAL-EU, Box is PAL-AU"
Uncharted: Golden Abyss,Vita,PAL-EU,A+,N/A,A+,,"Cartridge is PAL-EU, Box is PAL-AU"
Hyperdevotion Noire Goddess Black heart,Vita,NTSC-UC,A+,N/A,A+,,
Hyperdimension Neptunia Producing Perfection,Vita,PAL-EU,A+,N/A,A+,,"Cartridge is PAL-EU, Box is PAL-AU"
LEGO Marvel Super Heroes Universe in Peril,Vita,PAL-EU,A+,N/A,A+,,"Cartridge is PAL-EU, Box is PAL-AU"
Arcana Heart 3 LOVE MAX!!!!!,Vita,PAL-EU,A+,N/A,A+,,"Cartridge is PAL-EU, Box is PAL-AU"
Axiom Verge,Vita,NTSC-UC,A+,N/A,A+,Artbook,
Disgaea 4: A Promise Revisited,Vita,PAL-EU,A+,N/A,B+,,"Cartridge is PAL-EU, Box is PAL-AU"
Rayman Legends,Vita,PAL-EU,A+,A+,A+,,"Cartridge is PAL-EU, Box is PAL-AU"
Disgaea 3: Absence of Detention,Vita,PAL-EU,A+,N/A,A+,,"Cartridge is PAL-EU, Box is PAL-AU"
God of War Collection,Vita,PAL-EU,A+,N/A,A+,,"Cartridge is PAL-EU, Box is PAL-AU"
Tetris,GB,PAL-AU,B+,M,M,,
David Cranes the Rescue of Princess Blobette,GB,PAL-AU,B+,M,M,,
Kings of the Zoo,GB,PAL-AU,B+,M,M,,
Blue's Clue's Blue's Alphabet Book,GBC,NTSC-UC,A,M,M,,
Pokemon Prism Version,GBC,NTSC-UC,K,N/A,N/A,,
Super Mario Land,GB,PAL-AU,B+,M,M,,
Home Alone,GB,NTSC-UC,B+,M,M,,"Game Cartridge is labelled ""USA-1"" for some reason"
Alleyway,GB,NTSC-J,A-,M,M,,Game Cartridge has no region?
Ghostbusters II,GB,PAL-AU,B,M,M,,
Attack of the Killer Tomatoes,GB,NTSC-UC,B,M,M,,
Pokemon Red Version,GB,NTSC-A,K,M,M,,
Pokemon Yellow Version,GB,NTSC-UC,K,M,M,,
Donkey Kong Land 2,GB,PAL-AU,A,M,M,,
Pokemon Red Version,GB,NTSC-J,A+,M,M,,
Mystical Ninja Starring Goemon,GB,NTSC-J,A+,M,M,,
Dino Rider 2,GB,NTSC-J,A+,M,M,,
Bitamina Oukoku Monogatari,GB,NTSC-J,A+,M,M,,
The Lion King,GBA,PAL-EU,A,M,M,,
Spider-Man 2,GBA,PAL-EU,A+,M,M,,
Rugrats Castle Capers,GBA,PAL-EU,A+,M,M,,
Dogz,GBA,PAL-EU,A+,M,M,,
The Incredibles,GBA,PAL-EU,A+,M,M,,
Tak the Great Juju Challenge,GBA,PAL-AU,A+,M,M,,
Catz,GBA,PAL-EU,A+,M,M,,
Spider-Man Friend or Foe,PSP,PAL-AU,A,N/A,N/A,Pre-Production release,
PES 2008 Pro Evolution Soccer 2008,PSP,PAL-AU,A,N/A,N/A,Pre-Production release,
Wall-E,PSP,PAL-AU,A,N/A,N/A,Pre-Production release,
Gurumin: A Monstrous Adventure,PSP,PAL-AU,A,N/A,N/A,Pre-Production release,
Star Fox 64 3D,3DS,PAL-AU,A+,M,M,,
Inazuma Eleven Go Light,3DS,PAL-AU,A+,M,M,,
Tomodachi Life,3DS,PAL-AU,A+,M,M,,
Hey! Pikmin,3DS,PAL-AU,A+,M,M,,
Kwirk,GB,PAL-AU,A+,M,M,,
Pokemon Trading Card Game,GB,PAL-EU,A,M,M,,
Gameboy Video Pokemon A Hot Water Battle / For Ho-Oh The bells Toll!,GBA,PAL-AU,A+,M,M,,
Sonic Advance 3,GBA,PAL-AU,A+,M,M,,
Golden Sun,GBA,NTSC-UC,A+,M,M,,
Mother 1+2,GBA,PAL-EU,K,N/A,N/A,,
LEGO Island 2 The Brickster's Revenge,GBA,PAL-AU,A+,M,M,,
The Simpsons Road Rage,GBA,PAL-AU,A+,M,M,,
Bionicle,GBA,NTSC-UC,A+,M,M,,
Mario Pinball Land,GBA,PAL-AU,A+,M,M,,
kurukuru kurin,GBA,PAL-AU,B-,M,M,,
Mario & Luigi Superstar Saga,GBA,PAL-AU,A+,M,M,,
Yu-Gi-Oh! Double Pack,GBA,PAL-EU,A+,M,M,,
Dynasty Warriors Advance,GBA,PAL-AU,A+,M,M,,
"Monsters, Inc.",GBA,PAL-EU,A+,A,C+,,
Mario Kart Super Circuit,GBA,PAL-AU,A+,M,A,,
Spongebob Squarepants Revenge of the Flying Dutchman,GBA,NTSC-UC,A+,A+,A,,Box has AU Rating System Stickers on it
Pokemon Gold Version,GBC,PAL-AU,A+,A+,A+,,
Pokemon Gold Version,GBC,PAL-AU,A+,M,M,,
Pokemon Silver Version,GBC,NTSC-UC,A+,A,A,,
Pokemon Leaf Green Version,GBA,PAL-AU,A-,A+,A+,Includes Gameboy Advance Wireless Adapter,
Pokemon Sapphire Version,GBA,PAL-AU,A+,A+,A-,,
Pokemon Sapphire Version,GBA,PAL-AU,A-,M,M,,
Pokemon Emerald Version,GBA,PAL-AU,A+,A+,B+,,
Pokemon Emerald Version,GBA,PAL-AU,C+,M,M,,
Pokemon Ruby Version,GBA,PAL-AU,A+,M,M,,
Pokemon Fire Red Version,GBA,PAL-AU,A+,M,M,,
Pokemon Red Version,GB,PAL-AU,A+,M,M,,
Pokemon Blue Version,GB,PAL-AU,A+,M,M,,
Pokemon Yellow Version,GB,PAL-AU,A,M,M,,
Pokemon Crystal Version,GBC,PAL-AU,A,M,M,,
Sam & Max Season One,Wii,PAL-EU,B,A+,A,,Artwork has an OLFC Sticker on it
Wario Ware Smooth Moves,Wii,PAL-AU,A,A+,A+,,
Super Smash Bros. Brawl,Wii,PAL-EU,A+,A+,A+,,
Super Paper Mario,Wii,PAL-AU,A+,A+,A+,,
New Super Mario Bros. Wii,Wii,NTSC-UC,D,A+,A,,
Super Mario Galaxy 2,Wii,PAL-AU,B,B,A-,,Ex-Rental and Laminated
Super Mario Galaxy,Wii,PAL-AU,D,M,A,,
Sonic and the Secret Rings,Wii,PAL-AU,A-,A+,A-,,
Resident Evil 4 Wii Edition,Wii,PAL-EU,A,A+,A+,,
Pokemon Battle Revolution,Wii,PAL-AU,A,A+,A+,,
Pikmin 2,Wii,PAL-AU,B,M,A,,
Pikmin,Wii,PAL-AU,A+,A+,A+,,
Metroid Prime 3 Corruption,Wii,PAL-AU,A,A,A,,
Mario Sports Mix,Wii,PAL-AU,B+,M,A+,,
Mario Power Tennis,Wii,PAL-AU,A,A+,A-,,
Mario Strikers Charged Football,Wii,PAL-AU,A,A,A,,
Mario Party 9,Wii,PAL-AU,A+,A-,A+,,
Link's Crossbow Training,Wii,PAL-EU,B+,A,A,,
The Legend of Zelda Skyward Sword,Wii,PAL-AU,A+,A+,A+,Includes Zelda Symphony OST,
Kirby's Epic Yarn,Wii,NTSC-UC,A+,A+,A+,,
Final Fantasy Crystal Chronicles The Crystal Bearers,Wii,PAL-AU,A+,A+,A-,,
Disney Epic Mickey,Wii,PAL-AU,A,M,A+,,
Donkey Kong Jungle Beat,Wii,PAL-AU,A+,A+,A+,,
Animal Crossing amiibo Festival,Wii U,PAL-AU,A+,A+,A+,Includes 3 amiibo Cards,
Disney Epic Mickey 2 Thge Power of Two,Wii U,PAL-EU,A+,A+,A+,,Case has OLFC Stickers
Kirby and the Rainbow Paintbrush,Wii U,PAL-AU,A+,N/A,A+,,
The Legend of Zelda Wind Waker HD,Wii U,PAL-AU,A+,N/A,A+,,
The Legend of Zelda Twilight Princess HD,Wii U,PAL-AU,A+,N/A,A+,,
The Legend of Zelda Breath of the Wild,Wii U,PAL-AU,A+,N/A,A+,,
Mario Party 10,Wii U,PAL-AU,A+,N/A,B+,,
Mario Tennis Ultra Smash,Wii U,PAL-AU,A+,N/A,A,,
Nintendo Land,Wii U,PAL-AU,A+,A+,A+,,
Pikmin 3,Wii U,PAL-AU,A+,A+,A+,,
Star Fox Zero,Wii U,PAL-AU,A+,N/A,A+,,
Super Mario 3D World,Wii U,PAL-AU,A+,A+,A+,,
Super Smash Bros. For Wii U,Wii U,PAL-AU,A+,A+,A+,,
Yoshi's Wooly World,Wii U,PAL-AU,A+,N/A,A+,,
Metroid Prime Trilogy,Wii,PAL-EU,A+,A+,A+,,"Disc is PAL-EU, Case is PAL-AU"
Wario Ware Touched!,DS,NTSC-UC,A+,A+,A+,,
Mario & Sonic at the Olympic Games,Wii,PAL-AU,B,A-,B+,,
Mario & Sonic at the Olympic Games,Wii,PAL-AU,A+,A+,A+,,
Star Wars Battlefront II,XBOX,PAL-AU,A,M,A-,,
F-ZERO GX,GC,NTSC-UC,A-,A+,A+,,
Harvest Moon A Wonderful Life,GC,NTSC-UC,A+,A+,A+,,Player's Choice Version
Harvest Moon Magical Melody,GC,NTSC-UC,B+,M,A+,,
Kelly Slater's Pro Surfer,GC,PAL-AU,B+,A,A+,,
Kirby Air Ride,GC,NTSC-UC,A,A,A,,
LEGO Star Wars The Video Game,GC,NTSC-UC,A+,A-,B-,,
The Legend of Zelda Collector's Edition,GC,NTSC-UC,A+,A+,A+,,Not for resale Version
The Legend of Zelda Ocarina of Time,GC,NTSC-UC,A+,A+,A+,"Two-Game Bonus Disc, Includes Master Quest",
The Legend of Zelda Four Swords Adventures,GC,NTSC-UC,A+,A+,A+,,
The Legend of Zelda Wind Waker,GC,NTSC-UC,A+,A+,A+,,
The Legend of Zelda Wind Waker,GC,PAL-EU,A+,A+,A+,"Limited Edition, Includes Ocarina of Time & Master Quest Disc",
The Legend of Zelda Twilight Princess,GC,NTSC-UC,A+,A+,A+,,
The Legend of Zelda Twilight Princess,GC,PAL-EU,A-,A+,A+,,Dutch Version
Mario Kart Double Dash!!,GC,NTSC-UC,B,A-,B-,,
Metroid Prime,GC,NTSC-UC,A+,A,A+,,
Namco Museum,GC,NTSC-UC,A+,A+,A-,,
Paper Mario The Thousand-Year Door,GC,NTSC-UC,A+,A+,A+,,
Pokemon Channel,GC,PAL-AU,A+,A+,A+,Has “Jirachi” Sticker on box (faded),Missing e-Reader Cards
Pokemon Colosseum,GC,PAL-AU,A-,A+,A+,,Missing 59 Memory Card
Pokemon Colosseum,GC,PAL-EU,A-,A-,B-,,Missing 59 Memory Card
Resident Evil 4,GC,NTSC-UC,A+,A+,A+,Includes both discs,
Sonic Adventure DX Director's Cut,GC,NTSC-UC,A+,M,A,,
Sonic Mega Collection,GC,NTSC-UC,A+,A+,A,,
Spongebob Squarepants Revenge of the Flying Dutchman,GC,NTSC-UC,A+,A,A,,
Super Smash Bros. Melee,GC,PAL-AU,B,A-,B+,,
Super Mario Sunshine,GC,PAL-EU,A,A+,B-,,Artwork has a tear on the spine
Pokemon XD: Gale of Darkness,GC,PAL-EU,A+,A+,A+,,
Phantasy Star Episode I & II,GC,NTSC-J,A+,A+,A+,Includes Gamecube Modem Adapter (A+) and box (A-),
Super Smash Bros. Melee,GC,NTSC-J,A-,A+,A-,,
Gameboy Player,GC,NTSC-J,A-,A+,A+,,
Pokemon Colosseum,GC,NTSC-J,A+,A+,B+,,
DISSIDIA Final Fantasy NT,PS4,PAL-AU,A+,N/A,M,"Steelbook edition, missing outer sleeve",
Uncharted 4: A Thief's End,PS4,PAL-AU,A+,N/A,A+,"Steelbook Edition, missing art book(?) includes stickers and DLC code (unchecked)",
Gravity Rush Remastered,PS4,PAL-AU,A+,A+,A-,,Minor damage to case but artwork is fine
Final Fantasy XV,PS4,PAL-AU,B+,A+,A-,,"Minor damage to case, art slightly damaged, disc has scratching on one side"
Elder Scrolls V: Skyrim VR,PS4VR,PAL-AU,A+,A+,A+,,
Super Stardust Ultra VR,PS4VR,PAL-AU,A+,A+,A+,,
Watch_Dogs,PS4,PAL-AU,A,A+,A+,"ANZ Special Edition, Includes Season Pass and DLC code (untested)",
God of War,PS4,PAL-AU,A+,A+,A+,,
HELLDIVERS: Super-Earth Ultimate Edition,PS4,PAL-AU,A+,A+,A+,Includes PS3/Vita Digital Version code (untested),
KILLZONE Shadow Fall,PS4,PAL-AU,A+,A+,A+,Includes Season Pass,"Case needs replacing, artwork is fine"
Fallout 4,PS4,PAL-AU,A+,A+,A+,,Disc needs cleaning (but is unscratched)
Battlefield 1,PS4,PAL-AU,A+,N/A,A+,,"Case needs replacing, artwork is fine"
Red Faction Guerrilla Remarsterred,PS4,PAL-EU,A+,N/A,A+,,"Not a spelling mistake, stupid name"
Kingdom Hearts HD 1.5 + 2.5 ReMIX,PS4,PAL-EU,A+,A+,A+,,
Ni no Kuni II: Revenant Kingdom,PS4,PAL-AU,A+,A+,A+,Includes some art cards,
Uncharted The Nathan Drake Collection,PS4,PAL-AU,S,S,S,,Playstation Hits Version
PlayStation VR Worlds,PS4VR,PAL-AU,A+,A+,A+,,
3D Dot Game Heroes,PS3,NTSC-UC,A+,M,A+,,"Case needs cleaning, has OLFC stickers on case"
Battlefield Bad Company 2,PS3,PAL-AU,A-,A+,A,,"Disc is Platinum edition, case is regular edition, case needs cleaning or replacing"
Battlefield 3,PS3,PAL-AU,B+,M,A-,Includes DLC Download code (unchecked),
Call of Duty 4 Modern Warfare,PS3,PAL-AU,A+,A+,A+,,
Call of Duty Modern Warfare 2,PS3,PAL-AU,A+,A+,A+,,
Call of Duty Black Ops,PS3,PAL-AU,A,A+,B+,,Disc needs cleaning (but is unscratched)
Final Fantasy XIII,PS3,PAL-AU,A+,A+,A+,,
Need for Speed Hot Pursuit,PS3,PAL-AU,A,M,M,,"Platinum Version, Currently within Gran Turismo 5 Case"
Gran Turismo 5,PS3,PAL-AU,M,B,B-,,"Missing game, has NFS Hot Pursit in it"
InFamous 2,PS3,PAL-AU,A,A+,A-,Includes DLC Code,Replace the case
Katamari Forever,PS3,NTSC-UC,A+,A+,A+,,Case has OLFC Stickers
Medal of Honor,PS3,PAL-AU,A+,A+,A,,
[PROTOTYPE2],PS3,PAL-AU,A+,A-,A,"“Radnet” Edition, includes cardboard cover?",
Sonic Generations,PS3,PAL-AU,A+,A-,A+,,
Gameboy Camera,GB,N/A,A,M,M,Red,
Gurumin: A Monstrous Adventure,PSP,NTSC-UC,S,S,S,,
Me & My Katamari,PSP,NTSC-UC,S,S,S,,Has “PSP Favourites” Sticker on outside of seal
Innocent Life A Futuristic Harvest Moon,PSP,NTSC-UC,S,S,S,,
Tekken Dark Resurrection,PSP,PAL-AU,A+,A+,A+,,"Platinum Version, Case is covered in stickers (replace)"
Ridge Racer,PSP,PAL-AU,A,A,A,,
Grand Theft Auto Vice City Stories,PSP,PAL-AU,C-,M,A,,"Platinum Version, UMD in replacement case"
Grand Theft Auto Liberty City Stories,PSP,PAL-AU,C-,A+,A+,,UMD in replacement case
LittleBigPlanet,PSP,PAL-AU,C-,M,A,,"Platinum Version, UMD in replacement case"
ModNation Racers,PSP,PAL-AU,A+,A+,A+,,
Bokuha Tomodachiga Sukunai Portable,PSP,NTSC-J,A+,A+,A+,Includes Trading Card(?),
Kirameki School Life SP - The Wonder Years,PSP,NTSC-J,S,S,S,Bonus game for Tomodachiga?,
Ro-Kyu-Bu!,PSP,NTSC-J,S,S,S,,
Final Fantasy Type-0,PSP,NTSC-J,A+,A+,A+,Includes both discs,
Haruhi Suzumiya No Yakusoku,PSP,NTSC-J,A+,A+,A+,,
Toradora Portable!,PSP,NTSC-J,A+,A+,A+,,
Lucky Star Net iDol Meister,PSP,NTSC-J,A+,A+,A+,,
My Little Sister can't be this cute portable!,PSP,NTSC-J,A+,A+,A+,,
Kokoro Connect,PSP,NTSC-J,S,S,S,,
Oreimo Portable Ore no imouto to koi siyo ,PSP,NTSC-J,A+,A+,A+,Bonus game for My Little Sister can't be this cute?,
Lucky Star Portable?,PSP,NTSC-J,A+,A+,A+,,
Haruhi Suzumiya No Yakusoku,PSP,NTSC-J,A+,A+,A+,Alternate cover?,
Dynasty Warriors Vol. 2,PSP,PAL-AU,A+,A+,A+,,
FIFA 09,PSP,PAL-AU,A,B+,A,,"Case needs replacing, artwork is fine"
Syphon Filter The Omega Strain,PS2,NTSC-UC,B+,M,M,,
Tokyo Road Race,PS2,PAL-AU,A,A,A,,
Formule One 2002,PS2,PAL-EU,A-,A+,A,Includes DVD Video,Case is covered in stickers
Final Fantasy XII,PS2,PAL-EU,A+,A+,A+,,Case has OLFC Stickers
Final Fantasy XII,PS2,PAL-EU,B,A+,A+,Has “Game of the year 10/10” sticker,Case has OLFC Stickers
Final Fantasy XI Chains of Promathia,PS2,NTSC-UC,A+,A+,A+,"Has activation code, unchecked",
Final Fantasy XI,PS2,NTSC-UC,A+,A+,A-,"Includes Online Tutorial Manual and PlayOnline Disc, all good condition",Tear on outer box
Dirge of Cerberus Final Fantasy VII,PS2,PAL-EU,A+,A+,A-,,Case has OLFC Stickers
Katamari Damacy,PS2,NTSC-UC,A+,A+,A+,,
We Love Katamari,PS2,PAL-AU,A+,A+,B+,,Artwork has been damaged by a blue pen
Sonic Gems Collection,PS2,PAL-AU,C+,B-,B-,,"Probably needs replacing, Art has stickers on it"
Crash of the Titans,PS2,PAL-AU,A-,A+,A,,
Thomas & Friends A Day at the Races,PS2,PAL-AU,C,A+,A-,,
The Getaway,PS2,PAL-AU,C,A,B,,Platinum Version.
Gauntlet Seven Sorrows,PS2,PAL-AU,A,A-,A-,,
Skip Beat!,PS2,NTSC-J,A+,A+,A+,,
Secret of Mana 4,PS2,NTSC-J,A+,A+,A+,,
Haruhi Suzumiya no Tomadoi,PS2,NTSC-J,A+,A+,A+,,
The Familiar of Zero,PS2,NTSC-J,A+,A+,A+,Includes bonus DVD and carboard cover,
Super Live Stadium,PS1,NTSC-J,B+,B+,B+,,
Metal Slug,PS1,NTSC-J,B-,B+,B,,
Ace Combat,PS1,NTSC-J,A-,B+,B+,,
Final Fantasy VII Preview Disc,PS1,NTSC-UC,A-,N/A,A+,,
Final Fantasy Tactics,PS1,NTSC-UC,A-,A-,A-,,Jewel case has a crack
Formula 1 97,PS1,PAL-AU,C,M,A-,Includes Signosis Demo Disc – C,
Future Racer,PS1,PAL-AU,C,M,B,,
Hi-Octane,PS1,PAL-EU,C-,A,A,,Jewel case needs cleaning
Asteroids,PS1,PAL-EU,A-,M,C,,Jewel case needs replacing
Final Fantasy VIII,PS1,PAL-AU,B+,M,A,"Includes all 4 discs, most are A or B","Missing Manual, Jewel case needs cleaning"
Final Fantasy VII,PS1,PAL-EU,A-,A,A+,"Includes all 3 discs plus Final Fantasy VIII Preview Disc, Most discs are A or A-",Platinum Version
Final Fantasy VI,PS1,PAL-EU,A-,B+,C+,Includes Final Fantasy X Preview Disc,Case has a few cracks
Final Fantasy Anthology,PS1,PAL-EU,A-,A+,A-,Includes both FFIV and FFV,Jewel case needs replacing
Final Fantasy Origins,PS1,PAL-EU,A-,A+,A,"Includes both FFI and FFII, and two art cards",
Final Fantasy IX,PS1,PAL-EU,A-,A+,A+,,"Platinum Version, Jewel case needs replacing"
Dynasty Warriors 6,XBOX360,PAL-AU,A+,A+,A+,,
Dynasty Warriors Gundam,XBOX360,PAL-EU,A+,M,A+,,Case has OLFC Stickers
Elder Scrolls V: Skyrim,XBOX360,PAL-AU,A+,M,A+,,
Call of Duty Black Ops,XBOX360,PAL-AU,B+,A-,A-,,
Beautiful Katamari,XBOX360,PAL-EU,A,B+,A,,
Dead or Alive 4,XBOX360,PAL-AU,B,B+,D-,,Burn this
Phantasy Star Universe,XBOX360,PAL-AU,A+,M,M,,
Fable III,XBOX360,PAL-AU,B+,A,A,,Case has stickers on it
Fable II,XBOX360,PAL-AU,A-,M,A,,
Project Gotham Racing,XBOX,PAL-AU,A-,A-,B+,,"Disc is a classics version, case is a regular version"
Midtown Madness 3,XBOX,PAL-AU,A-,A,A-,,Not for resale Version
Kirby 64,N64,NTSC-J,A+,M,M,,
Mario Tennis 64,N64,NTSC-J,A,M,M,,
Tamagotchi 64: Minna de Tamagotchi World ,N64,NTSC-J,A,M,M,,
Star Fox 64,N64,NTSC-J,A,M,M,,
Paper Mario,N64,NTSC-UC,A,M,M,,
Paper Mario / Mario Story,N64,NTSC-J,A,M,M,,
Pokemon Stadium,N64,NTSC-J,A,M,M,,
Pokemon Stadium Silver / Gold,N64,NTSC-J,A,M,M,,
The Legend of Zelda Ocarina of Time,N64,NTSC-J,A,M,M,,
Super Smash Bros.,N64,NTSC-J,A,M,M,,
Mario Kart 64,N64,NTSC-J,A,M,M,,
Diddy Kong Racing,N64,NTSC-J,A,M,M,,
Yoshi's Story,N64,NTSC-J,A,M,M,,
Hey! Pikachu,N64,NTSC-J,B+,M,M,,
Mario Golf 64,N64,NTSC-J,A,M,M,,
The Legend of Zelda Majora's Mask,N64,NTSC-J,A,M,M,,
Pokemon Snap,N64,NTSC-J,A,M,M,,
Mario Party 3,N64,NTSC-UC,A,M,M,,
Mario Party,N64,NTSC-UC,A,M,M,,
Kirby 64,N64,NTSC-UC,A,M,M,,
Super Mario 64,N64,NTSC-J,A,M,M,,
Banjo Kazooie,N64,NTSC-J,A,M,M,,
Mario Party,N64,NTSC-J,B-,M,M,,
Pilotwings 64,N64,NTSC-J,A,M,M,,
Donkey Kong 64,N64,NTSC-J,A,M,M,,
Mario Party 2,N64,NTSC-J,A,M,M,,
Banjo Tooie,N64,NTSC-UC,A,M,M,,
Mario Party 2,N64,NTSC-UC,A,M,M,,
Pokemon Stadium 2,N64,NTSC-J,A,M,M,,
Super Mario 64 (Rumble support),N64,NTSC-J,A,M,M,,
Mario Party 3,N64,NTSC-J,A,M,M,,
The Legend of Zelda Ocarina of Time,N64,PAL-AU,A+,A,B+,Collector's Edition,
Goof Troop,SNES,PAL-EU,A,M,B+,,
Final Fantasy I-II,NES,NTSC-J,A+,A-,B,"Includes Map, Quick Guide and Manual Book(?)",
Final Fantasy,WSC,NTSC-J,A+,A+,B+,,
Final Fantasy VI,SNES,NTSC-J,A+,A-,A-,,
Final Fantasy V,SNES,NTSC-J,A+,B-,A,,
Ecco the Dolphin,SMD,PAL-EU,B,M,M,,
Kirby Ball,SNES,NTSC-J,A+,M,M,,
32 in 1 Game Cartridge,2600,N/A,B+,M,M,,
2 PAK SPECIAL – Cavern Blaster & City War,2600,N/A,A-,M,M,,
2 PAK SPECIAL – Alien Force & Hoppy,2600,N/A,B,M,M,,
Solaris,2600,N/A,B,M,M,,
E-Reader,GBA,PAL-AU,A-,M,B-,"Includes Hockey Card, Manhole Card, 4 RS Battle Cards & Battle Card Manual and GBA SP Port Cover (No sticky pads)",
Mario Party DS,DS,PAL-AU,A+,A,A,,
New Yoshi's Island,3DS,PAL-AU,A+,N/A,A,,Nintendo Selects Version
Sonic Generations,3DS,PAL-EU,A+,M,M,,
Kirby's Dream Land,GB,PAL-AU,A,M,M,,
Sonic Pinball Party,GBA,PAL-EU,A,M,M,,
Paper Mario The Origami King,Switch,PAL-EU,A+,N/A,A+,,"Cartridge is PAL-EU, Box is PAL-AU"
Star Wars Jedi Starfighter,XBOX,PAL-AU,B+,A,A,,
Phoenix Wright: Ace Attorney Trilogy,Switch,NTSC-J,A+,N/A,A+,,
Sega GT 2002 / Jet Set Radio Future,XBOX,NTSC-UC,A-,A+,A+,,"Artwork in good condition, case has cracked and could be replaced"
Super Princess Peach,DS,PAL-AU,A+,A+,A+,,
Pokken Tournament,Wii U,PAL-AU,A,N/A,A,Missing Mewtwo amiibo Card,
